MAPID,Neighborhood,X,Y,TYPE,LOCATION,DETAILED_LOCATION,MAINTAINER,IN_OPERATION,PET_FRIENDLY,PHOTO_NAME,City,Geom
DFPB0005,Downtown,492277.2610804360,5458467.8510594000,Fountain location, Andy Livingstone Park - North of basketball court,by amphitheatre steps near bas,Parks,spring to fall,,,Vancouver,"{""type"":""Point"",""coordinates"":[492277.2610804367,5458467.851059403]}"
DFPB0192,Kensington-Cedar Cottage,494414.0564952510,5456462.0135485400,Fountain location, Cedar Cottage Park,Near Sport courts,Parks,,,,Vancouver,"{""type"":""Point"",""coordinates"":[494414.05649525195,5456462.013548541]}"
DFPB0024,Renfrew-Collingwood,497352.8447353850,5453808.8272988400,Fountain location, Collingwood Park,in front of wading pool,Parks,spring to fall,,,Vancouver,"{""type"":""Point"",""coordinates"":[497352.8447353851,5453808.827298849]}"
DFPB0027,Kitsilano,488408.3104482370,5456702.3199929000,Fountain location, Connaught Park - East side of fieldhouse,near fieldhouse,Parks,year-round,,Connaught Park - drinking fountain - 2005.JPG,Vancouver,"{""type"":""Point"",""coordinates"":[488408.310448237,5456702.319992908]}"
DFPB0048,Killarney,496248.0318766330,5451251.2568925600,Fountain location, Fraserview Golf Course - clubhouse building,clubhouse building,Parks,spring to fall,,,Vancouver,"{""type"":""Point"",""coordinates"":[496248.03187663347,5451251.256892569]}"
DFPB0051,Grandview-Woodland,495750.5613261540,5457305.4274782500,Fountain location, Garden Park,N-side of field house,Parks,spring to fall,,,Vancouver,"{""type"":""Point"",""coordinates"":[495750.56132615416,5457305.427478258]}"
DFPB0054,Downtown,490559.4800414710,5457691.3181081100,Fountain location, George Wainborn Park,NE corner near seawall,Parks,spring to fall,,,Vancouver,"{""type"":""Point"",""coordinates"":[490559.4800414719,5457691.318108113]}"
DFPB0087,Oakridge,492257.7101917920,5451863.6375377600,Fountain location, Langara Golf Course - East of tennis courts,56th and Ontario,Parks,spring to fall,,,Vancouver,"{""type"":""Point"",""coordinates"":[492257.71019179234,5451863.637537769]}"
DFPB0096,Kitsilano,486896.4478005930,5457267.5820292000,Fountain location, McBride Park,S of playground,Parks,spring to fall,,McBride Park - drinking fountain - 2007.JPG,Vancouver,"{""type"":""Point"",""coordinates"":[486896.44780059304,5457267.582029202]}"
DFPB0105,Sunset,493839.9777693130,5451352.7307791900,Fountain location, Moberly Park - West of tennis courts,in front of tennis courts,Parks,spring to fall,,,Vancouver,"{""type"":""Point"",""coordinates"":[493839.977769313,5451352.730779198]}"
DFPB0113,Hastings-Sunrise,497334.8551075870,5459625.6138393300,Fountain location, New Brighton Park - South of pool,S-side of pool,Parks,spring to fall,,New Brighton - drinking fountain 2 - 2007.JPG,Vancouver,"{""type"":""Point"",""coordinates"":[497334.85510758706,5459625.613839331]}"
DFPB0136,Hastings-Sunrise,497773.1364513670,5457499.7909817100,Fountain location, Rupert Park - East of fieldhouse,E-side of Field house,Parks,spring to fall,,Rupert Park - drinking fountain 1 - 2007.JPG,Vancouver,"{""type"":""Point"",""coordinates"":[497773.1364513679,5457499.79098171]}"
DFPB0155,Stanley Park,490829.4065629850,5460786.7540250600,Fountain location, Stanley Park - Brockton Oval Fieldhouse,brockton oval,Parks,spring to fall,,,Vancouver,"{""type"":""Point"",""coordinates"":[490829.4065629858,5460786.754025064]}"
DFPB0145,Stanley Park,489187.3210049170,5460122.2392377000,Fountain location, Stanley Park - Ceperley Washrooms,Ceperley washrooms,Parks,spring to fall,,,Vancouver,"{""type"":""Point"",""coordinates"":[489187.3210049171,5460122.239237703]}"
DFPB0157,Stanley Park,490273.0911608410,5460771.0584503100,Fountain location, Stanley Park - Stanley Park Pavilion,pavillion outside washrooms,Parks,,,,Vancouver,"{""type"":""Point"",""coordinates"":[490273.09116084164,5460771.05845031]}"
DFPB0146,Stanley Park,489312.1959926450,5459965.6508453800,Fountain location, Stanley Park - West of Restaurant,W - side of Fish House,Parks,spring to fall,,,Vancouver,"{""type"":""Point"",""coordinates"":[489312.19599264546,5459965.650845386]}"
DFPB0167,Sunset,492975.6906258230,5452245.5079475600,Fountain location, Sunset Park,front of wading pool,Parks,spring to fall,,,Vancouver,"{""type"":""Point"",""coordinates"":[492975.69062582345,5452245.507947563]}"
DFPB0169,Mount Pleasant,492827.2141488040,5456081.8911287500,Fountain location, Tea Swamp Park,NE corner of park,Parks,spring to fall,,,Vancouver,"{""type"":""Point"",""coordinates"":[492827.214148804,5456081.891128755]}"
DFPB0187,Renfrew-Collingwood,496353.3009901870,5456430.0761380500,Fountain location, Vancouver Technical HS,NE of the sport field,Parks,,,,Vancouver,"{""type"":""Point"",""coordinates"":[496353.30099018756,5456430.07613805]}"
DFPB0174,Shaughnessy,490542.5145883180,5454001.8998866700,Fountain location, Vandusen Botanical Garden - upper gardens,upper gardens,Parks,spring to fall,,,Vancouver,"{""type"":""Point"",""coordinates"":[490542.514588318,5454001.899886676]}"
DFPB0178,Downtown,491996.1278159320,5458805.5525205400,Fountain location, Victory Square,south corner of park,Parks,spring to fall,,Victory Square - drinking fountain - 2008.JPG,Vancouver,"{""type"":""Point"",""coordinates"":[491996.12781593285,5458805.55252054]}"
DFENG0016,Kensington-Cedar Cottage,495225.6920067590,5456591.1508372900,Fountain location, Broadway & Victoria,Southeast corner of Broadway & Victoria,Engineering,May-October,N,broadway_victoria.jpg,Vancouver,"{""type"":""Point"",""coordinates"":[495225.692006759,5456591.150837294]}"
DFENG0026,West End,489627.3001060800,5459779.2435718800,Fountain location, Comox & Chilco,In mini park at Comox & Chilco,Engineering,May-October,N,comox_chilco.jpg,Vancouver,"{""type"":""Point"",""coordinates"":[489627.30010608037,5459779.243571886]}"
DFENG0019,Downtown,491277.0576156620,5458761.1560138700,Fountain location, Granville & Robson,Northwest corner of Granville & Robson,Engineering,Year Round,N,granville_robson.jpg,Vancouver,"{""type"":""Point"",""coordinates"":[491277.05761566217,5458761.15601387]}"
DFENG0045,Kitsilano,488923.6564450160,5456694.1681784400,Fountain location, 2001 W 10th Avenue,North side of 10th Avenue,Engineering,May-October,N,2033_w10th.jpg,Vancouver,"{""type"":""Point"",""coordinates"":[488923.6564450168,5456694.1681784475]}"
DFENG0052,Killarney,496911.9895758700,5450331.5301826600,Fountain location, 8683 Kerr,Southwest side of Kerr,Engineering,May-October,Y,8683_kerr.jpg,Vancouver,"{""type"":""Point"",""coordinates"":[496911.9895758705,5450331.530182662]}"
DFENG0603,Strathcona,492899.8579014990,5459032.7459045800,Temporary Handwashing Station location, Evelyne Saller Centre,320 Alexander  St,Engineering,May-October,N,,Vancouver,"{""type"":""Point"",""coordinates"":[492899.8579014998,5459032.745904588]}"
DFPB0011,Renfrew-Collingwood,496357.5510601710,5455837.7352534700,Fountain location, Beaconsfield Park,adjacent to field house,Parks,spring to fall,,Beaconsfield Park - drinking fountain - 2005.JPG,Vancouver,"{""type"":""Point"",""coordinates"":[496357.5510601715,5455837.735253472]}"
DFPB0021,Hastings-Sunrise,496353.8942057520,5457561.8041355900,Fountain location, Clinton Park - East side of wading pool,E-side of wading pool,Parks,spring to fall,,Clinton Park - drinking fountain - 2005.JPG,Vancouver,"{""type"":""Point"",""coordinates"":[496353.89420575224,5457561.80413559]}"
DFPB0023,Downtown,490883.4703804740,5459699.5619059300,Fountain location, Coal Harbour Park,near playground,Parks,spring to fall,,,Vancouver,"{""type"":""Point"",""coordinates"":[490883.4703804744,5459699.5619059345]}"
DFPB0033,Downtown,491032.7142578300,5457756.3409475700,Fountain location, David Lam Park - South west of playgrounds,"E area, near playground",Parks,spring to fall,,,Vancouver,"{""type"":""Point"",""coordinates"":[491032.7142578306,5457756.340947571]}"
DFPB0038,Kerrisdale,488105.4901935110,5453436.1524728900,Fountain location, Elm Park,N-side of field house,Parks,spring to fall,,,Vancouver,"{""type"":""Point"",""coordinates"":[488105.49019351136,5453436.152472892]}"
DFPB0072,Riley Park,492215.6736038070,5454782.7358024600,Fountain location, Hillcrest Park - East side,,Parks,,,,Vancouver,"{""type"":""Point"",""coordinates"":[492215.67360380775,5454782.735802464]}"
DFPB0082,Kitsilano,488812.2656583800,5457980.8199868300,Fountain location, Kitsilano Beach Park - washroom wall,opposite washrooms,Parks,spring to fall,,,Vancouver,"{""type"":""Point"",""coordinates"":[488812.2656583806,5457980.819986837]}"
DFPB0086,Oakridge,491530.0552591390,5452272.6535644700,Fountain location, Langara Golf Course - cambie pathway,cambie pathway,Parks,spring to fall,,,Vancouver,"{""type"":""Point"",""coordinates"":[491530.0552591398,5452272.653564472]}"
DFPB0091,Strathcona,493495.6998763260,5458469.7440748500,Fountain location, Maclean Park,,Parks,,,,Vancouver,"{""type"":""Point"",""coordinates"":[493495.69987632683,5458469.744074857]}"
DFPB0092,Mount Pleasant,492215.2681903880,5456551.7938685100,Fountain location, Major Matthews Park,,Parks,,,,Vancouver,"{""type"":""Point"",""coordinates"":[492215.26819038845,5456551.793868514]}"
DFPB0094,Kerrisdale,488372.3586463490,5452290.0621322800,Fountain location, Maple Grove Park - East of pool,E-side of pool,Parks,spring to fall,,,Vancouver,"{""type"":""Point"",""coordinates"":[488372.35864634917,5452290.062132283]}"
DFPB0114,Hastings-Sunrise,497187.6098079230,5459643.8083025200,Fountain location, New Brighton Park - South west of playground,SW of playground,Parks,spring to fall,,New Brighton - drinking fountain 1 - 2007.JPG,Vancouver,"{""type"":""Point"",""coordinates"":[497187.60980792384,5459643.808302523]}"
DFPB0112,Hastings-Sunrise,497417.4073178880,5459661.3722577200,Fountain location, New Brighton Park - West of tennis courts,W-side of tennis courts,Parks,spring to fall,,,Vancouver,"{""type"":""Point"",""coordinates"":[497417.4073178885,5459661.372257728]}"
DFPB0123,Riley Park,491881.7736534160,5454061.0859835300,Fountain location, Queen Elizabeth Park - Pitch and Putt Course,Pitch and Putt Course,Parks,year-round,,,Vancouver,"{""type"":""Point"",""coordinates"":[491881.77365341625,5454061.085983539]}"
DFPB0128,Killarney,496226.7243400300,5450341.9205996100,Fountain location, Riverfront Park - East of washrooms,E-side of washrooms,Parks,spring to fall,,,Vancouver,"{""type"":""Point"",""coordinates"":[496226.7243400306,5450341.92059961]}"
DFPB0189,Mount Pleasant,492308.2267289210,5457719.1570862000,Fountain location, Seawall - Creekside,Seawall - in front of Creekside Community Recreation Centre,Parks,,,,Vancouver,"{""type"":""Point"",""coordinates"":[492308.22672892176,5457719.157086205]}"
DFPB0162,Stanley Park,489218.2593734220,5462001.1172807100,Fountain location, Stanley Park - Admin building,Park Board Office,Parks,year-round,,,Vancouver,"{""type"":""Point"",""coordinates"":[489218.25937342236,5462001.117280712]}"
DFPB0149,Stanley Park,489349.6638862320,5460050.9594684300,Fountain location, Stanley Park - Putting Green,Pitch and Putt Course,Parks,,,,Vancouver,"{""type"":""Point"",""coordinates"":[489349.6638862328,5460050.959468439]}"
DFPB0151,Stanley Park,489092.6475158250,5460259.5798500200,Fountain location, Stanley Park - Second Beach,Second Beach,Parks,year-round,,,Vancouver,"{""type"":""Point"",""coordinates"":[489092.6475158259,5460259.5798500255]}"
DFPB0165,Hastings-Sunrise,497406.1776063990,5457138.0841076700,Fountain location, Sunrise Park,N-side of wading pool,Parks,spring to fall,,,Vancouver,"{""type"":""Point"",""coordinates"":[497406.17760639964,5457138.0841076765]}"
DFPB0175,Shaughnessy,490579.0605796440,5454089.2077357600,Fountain location, Vandusen Botanical Garden,near reflecting pond,Parks,spring to fall,,,Vancouver,"{""type"":""Point"",""coordinates"":[490579.06057964446,5454089.207735768]}"
DFENG0803,Fairview,489929.6205135440,5456668.5555024500,Temporary Misting Station location, Granville & W 10th,NE corner of Granville St & W 10th Ave,Engineering,May-October,N,,Vancouver,"{""type"":""Point"",""coordinates"":[489929.62051354424,5456668.555502458]}"
DFENG0005,West End,489850.9087576760,5459094.6577366400,Fountain location, Cardero & Burnaby,In the mini park at Cardero & Burnaby,Engineering,May-October,N,cardero_burnaby.jpg,Vancouver,"{""type"":""Point"",""coordinates"":[489850.90875767655,5459094.657736641]}"
DFENG0033,West End,489925.0178729250,5459617.5760350300,Fountain location, Denman & Nelson,Southwest corner of Denman & Nelson,Engineering,May-October,N,denman_nelson.jpg,Vancouver,"{""type"":""Point"",""coordinates"":[489925.0178729251,5459617.576035034]}"
DFENG0017,Kensington-Cedar Cottage,493882.4804363080,5453753.3491575500,Fountain location, Elgin & 37th,Northwest corner of Elgin & 37th,Engineering,May-October,N,elgin_37th.jpg,Vancouver,"{""type"":""Point"",""coordinates"":[493882.48043630837,5453753.349157558]}"
DFENG0029,Marpole,489834.8201863350,5451623.1244235400,Fountain location, Granville & 59th,Northeast corner of Granville & 59th,Engineering,Year Round,N,granville_59th.jpg,Vancouver,"{""type"":""Point"",""coordinates"":[489834.8201863356,5451623.12442354]}"
DFENG0010,West End,489946.1320322220,5460088.0506493600,Fountain location, Robson & Chilco,In mini park at Robson & Chilco,Engineering,Year Round,Y,robson_chilco.jpg,Vancouver,"{""type"":""Point"",""coordinates"":[489946.1320322224,5460088.0506493645]}"
DFENG0039,West End,490257.8227392980,5458800.6657108700,Fountain location, Davie & Bute (Jim Deva Plaza),1200 Davie Street,Engineering,Year Round,Y,1200_davie.jpg,Vancouver,"{""type"":""Point"",""coordinates"":[490257.8227392982,5458800.665710877]}"
DFENG0040,Kitsilano,486944.3629778110,5457701.8271649800,Fountain location, Point Grey Road & Waterloo,1600 Waterloo St,Engineering,Year Round,N,point_grey_rd_waterloo.jpg,Vancouver,"{""type"":""Point"",""coordinates"":[486944.36297781114,5457701.8271649815]}"
DFENG0041,Killarney,497732.3747665600,5450282.3283781200,Fountain location, River District Crossing & E Kent Ave North,Northeast corner of River District Crossing & E Kent Ave North,Engineering,May-October,N,river_district_e_kent_av_n.jpg,Vancouver,"{""type"":""Point"",""coordinates"":[497732.3747665603,5450282.328378126]}"
DFENG0702,Kitsilano,488907.0373779430,5456173.8116556200,Temporary Fountain location, 2067 W 15th Ave,NE corner of 2000 W 15th Ave at Arbutus Greenway,Engineering,May-October,N,,Vancouver,"{""type"":""Point"",""coordinates"":[488907.0373779432,5456173.811655621]}"
DFENG0602,Downtown,492571.1318173480,5458759.8110339200,Temporary Handwashing Station location, E Hastings & Columbia,101 E Hastings St,Engineering,May-October,N,,Vancouver,"{""type"":""Point"",""coordinates"":[492571.131817348,5458759.811033924]}"
DFENG0606,Downtown,491004.2717936340,5458330.4747258300,Temporary Handwashing Station location, The Gathering Place,609 Helmcken St,Engineering,May-October,N,,Vancouver,"{""type"":""Point"",""coordinates"":[491004.27179363417,5458330.474725839]}"
DFPB0030,Downtown,492596.2013675240,5459116.9643380700,Fountain location, CRAB Park at Portside,,Parks,,,,Vancouver,"{""type"":""Point"",""coordinates"":[492596.20136752445,5459116.964338075]}"
DFPB0017,Fairview,490841.8972806060,5457269.4947967200,Fountain location, Charleson Park,N of school off of seawall,Parks,spring to fall,,,Vancouver,"{""type"":""Point"",""coordinates"":[490841.89728060615,5457269.494796722]}"
DFPB0018,Mount Pleasant,493952.7323667290,5456860.5278185500,Fountain location, China Creek North Park,S central side along jogging c,Parks,spring to fall,,,Vancouver,"{""type"":""Point"",""coordinates"":[493952.73236672947,5456860.527818556]}"
DFPB0025,Oakridge,491774.0584156730,5453245.0183936300,Fountain location, Columbia Park,in front of wading pool,Parks,spring to fall,,Columbia Park - drinking fountain - 2005.JPG,Vancouver,"{""type"":""Point"",""coordinates"":[491774.05841567385,5453245.018393631]}"
DFPB0032,Downtown,490855.7347718260,5457671.9183375100,Fountain location, David Lam Park - South west of basketball courts,near playground and tennis court,Parks,spring to fall,,,Vancouver,"{""type"":""Point"",""coordinates"":[490855.73477182654,5457671.918337516]}"
DFPB0034,Stanley Park,490112.5261860690,5460269.4358698900,Fountain location, Devonian Harbour Park,near Stanley Park entrance,Parks,year-round,,,Vancouver,"{""type"":""Point"",""coordinates"":[490112.5261860691,5460269.435869897]}"
DFPB0035,South Cambie,491099.9456711570,5455610.0384903700,Fountain location, Douglas Park - Right side of wading pool,in front of wading pool,Parks,spring to fall,,Douglas Park - drinking fountain 1 - 2005.JPG,Vancouver,"{""type"":""Point"",""coordinates"":[491099.9456711578,5455610.038490373]}"
DFPB0042,West End,489599.1988340300,5459274.4903531000,Fountain location, English Bay Beach Park - West of bath-house,opposite entrance to bathhouse,Parks,year-round,,English Bay Park - drinking fountain - 2005.jpg,Vancouver,"{""type"":""Point"",""coordinates"":[489599.1988340305,5459274.490353106]}"
DFPB0043,West End,489968.6395656220,5458481.5491050500,Fountain location, English Bay Beach Park - concessions,concessions,Parks,spring to fall,,,Vancouver,"{""type"":""Point"",""coordinates"":[489968.63956562226,5458481.549105059]}"
DFPB0045,Kerrisdale,489016.2629744470,5450425.4966172100,Fountain location, Fraser River Park - South west,,Parks,spring to fall,,Fraser River Park - drinking fountain - 2007.JPG,Vancouver,"{""type"":""Point"",""coordinates"":[489016.26297444705,5450425.496617218]}"
DFPB0057,Fairview,489979.2720599480,5457172.6655830700,Fountain location, Granville Loop Park,,Parks,,,,Vancouver,"{""type"":""Point"",""coordinates"":[489979.2720599489,5457172.665583077]}"
DFPB0059,Mount Pleasant,493047.5669918660,5456844.6984627600,Fountain location, Guelph Park,w-side of tennis courts,Parks,spring to fall,,,Vancouver,"{""type"":""Point"",""coordinates"":[493047.5669918662,5456844.698462763]}"
DFPB0060,Downtown,491037.5139752690,5459850.1709940300,Fountain location, Harbour Green Park - Viewpoint,"west, by seawall",Parks,spring to fall,,,Vancouver,"{""type"":""Point"",""coordinates"":[491037.51397526986,5459850.170994034]}"
DFPB0066,Hastings-Sunrise,497509.1854502100,5458880.1162205500,Fountain location, Hastings Park -Plateau Sport Parks / Empire Fields,field house at empire field,Parks,spring to fall,,Hastings Park (Empire Field) - drinking fountain - 2006.JPG,Vancouver,"{""type"":""Point"",""coordinates"":[497509.18545021064,5458880.116220557]}"
DFPB0067,Hastings-Sunrise,497572.7645267630,5459007.4052447000,Fountain location, Hastings Park -Plateau Sport Parks / Empire Fields,north of empire field,Parks,spring to fall,,Hastings Park (Empire Field) - drinking fountain - 2006.JPG,Vancouver,"{""type"":""Point"",""coordinates"":[497572.7645267631,5459007.405244704]}"
DFPB0075,Mount Pleasant,492178.9344900700,5456839.6385629900,Fountain location, Jonathan Rogers Park,E-side of wading pool,Parks,spring to fall,,,Vancouver,"{""type"":""Point"",""coordinates"":[492178.93449007056,5456839.638562995]}"
DFPB0080,Killarney,496699.8630915710,5452947.4845293100,Fountain location, Killarney Park - E 45th Ave. @ Killarney St.,north plaza,Parks,spring to fall,,Killarney Park - drinking fountain 2 - 2005.JPG,Vancouver,"{""type"":""Point"",""coordinates"":[496699.86309157166,5452947.484529319]}"
DFPB0083,Kitsilano,488857.3080028510,5458014.6206310600,Fountain location, Kitsilano Beach Park - South of playground,besides playground,Parks,spring to fall,,,Vancouver,"{""type"":""Point"",""coordinates"":[488857.3080028519,5458014.620631068]}"
DFPB0089,West Point Grey,484932.1721644110,5458055.9397964600,Fountain location, Locarno Beach Park,near concessions,Parks,spring to fall,,,Vancouver,"{""type"":""Point"",""coordinates"":[484932.1721644113,5458055.939796462]}"
DFPB0093,Kerrisdale,488290.2273560200,5452326.5894272000,Fountain location, Maple Grove Park - South of baseball diamond,S-side of baseball diamond,Parks,spring to fall,,,Vancouver,"{""type"":""Point"",""coordinates"":[488290.22735602054,5452326.589427206]}"
DFPB0095,Marpole,489879.2551707190,5450335.3523270500,Fountain location, Marpole Park,west entrance to playground,Parks,spring to fall,,Marpole Park - drinking fountain - 2005.JPG,Vancouver,"{""type"":""Point"",""coordinates"":[489879.2551707197,5450335.35232705]}"
DFPB0116,Marpole,490597.8067001880,5451555.0817115000,Fountain location, Oak Park - North west of field hockey,Near parking lot,Parks,spring to fall,,Oak Park - drinking fountain 2 - 2007.JPG,Vancouver,"{""type"":""Point"",""coordinates"":[490597.8067001888,5451555.081711508]}"
DFPB0121,Mount Pleasant,491984.1945701650,5457605.5336464700,Fountain location, Park Site On South East False Creek - Hinge,,Parks,,,,Vancouver,"{""type"":""Point"",""coordinates"":[491984.1945701659,5457605.533646475]}"
DFPB0124,Riley Park,492312.5033714280,5453866.2498644500,Fountain location, Queen Elizabeth Park - 37th and Ontario,37th and Ontario,Parks,spring to fall,,Queen Elizabeth Park - drinking fountain 1 - 2006.JPG,Vancouver,"{""type"":""Point"",""coordinates"":[492312.5033714283,5453866.249864453]}"
DFPB0188,Riley Park,492372.5374292600,5454440.1190785400,Fountain location, Riley Park,West side of the park,Parks,,,,Vancouver,"{""type"":""Point"",""coordinates"":[492372.53742926073,5454440.119078544]}"
DFPB0137,Kitsilano,489365.4311225820,5457603.2240131800,Fountain location, Seaforth Peace Park,S end plaza,Parks,spring to fall,,,Vancouver,"{""type"":""Point"",""coordinates"":[489365.43112258264,5457603.2240131805]}"
DFPB0159,Stanley Park,489218.2593734220,5462001.1172807100,Fountain location, Stanley Park - Brockton Cricket Pavilion,Brockton Clubhouse,Parks,,,,Vancouver,"{""type"":""Point"",""coordinates"":[489218.25937342236,5462001.117280712]}"
DFPB0143,Stanley Park,489383.9972955000,5459963.3572543300,Fountain location, Stanley Park - Tennis Courts,near Tennis Courts & Fish House,Parks,year-round,,,Vancouver,"{""type"":""Point"",""coordinates"":[489383.99729550054,5459963.3572543375]}"
DFPB0153,Stanley Park,488635.9240065710,5461180.6911675200,Fountain location, Stanley Park - Third Beach Seawall,Third beach seawall,Parks,spring to fall,,,Vancouver,"{""type"":""Point"",""coordinates"":[488635.9240065712,5461180.691167525]}"
DFPB0172,Arbutus-Ridge,488078.0358438300,5455413.8633982500,Fountain location, Trafalgar Park,E-side of wading pool,Parks,spring to fall,,,Vancouver,"{""type"":""Point"",""coordinates"":[488078.0358438303,5455413.863398256]}"
DFPB0179,Grandview-Woodland,494682.0306334230,5456712.5821066200,Fountain location, W.C. Shelly Park,,Parks,spring to fall,,,Vancouver,"{""type"":""Point"",""coordinates"":[494682.03063342336,5456712.582106626]}"
DFENG0804,Kensington-Cedar Cottage,494937.2155356970,5456522.1495713800,Temporary Misting Station location, Commercial & E 10th,NE corner of Commercial St & E 10th Ave,Engineering,May-October,N,,Vancouver,"{""type"":""Point"",""coordinates"":[494937.215535697,5456522.1495713815]}"
DFENG0011,Fairview,489663.1517138880,5456961.5398345300,Fountain location, 1650 W 7th,"Midblock, outside of 1650 W 7th",Engineering,May-October,Y,1650_w7th.jpg,Vancouver,"{""type"":""Point"",""coordinates"":[489663.1517138882,5456961.539834537]}"
DFENG0014,Mount Pleasant,491781.1769735720,5456883.5834854100,Fountain location, 7th & Yukon,Southwest corner of 7th & Yukon,Engineering,May-October,N,7th_yukon.jpg,Vancouver,"{""type"":""Point"",""coordinates"":[491781.17697357206,5456883.583485411]}"
DFENG0015,Mount Pleasant,492358.6423237330,5456684.3227630300,Fountain location, Broadway & Ontario,Southwest corner of Broadway & Ontario,Engineering,May-October,N,broadway_ontario.jpg,Vancouver,"{""type"":""Point"",""coordinates"":[492358.64232373354,5456684.322763035]}"
DFENG0046,Fairview,491165.5653845130,5456226.1966483200,Fountain location, 733 W 14th Avenue,North side of 14th Avenue,Engineering,Year Round,N,773_w_14th.jpg,Vancouver,"{""type"":""Point"",""coordinates"":[491165.56538451376,5456226.196648322]}"
DFENG0044,South Cambie,491532.5018675690,5454707.5884901800,Fountain location, Cambie & 29th Avenue,Southwest corner of Cambie & 29th Avenue,Engineering,Year Round,N,cambie_29th.jpg,Vancouver,"{""type"":""Point"",""coordinates"":[491532.50186756963,5454707.588490187]}"
DFENG0608,Strathcona,492766.0169745380,5457631.2789888400,Temporary Handwashing Station location, 201 Central,201 Central St,Engineering,May-October,N,,Vancouver,"{""type"":""Point"",""coordinates"":[492766.0169745386,5457631.278988844]}"
DFPB0009,Downtown,491206.0683636460,5459259.6791231200,Fountain location, Art Phillips Park (Discovery Square),NW plaza,Parks,spring to fall,,Discovery Square - drinking fountain - 2005.JPG,Vancouver,"{""type"":""Point"",""coordinates"":[491206.06836364605,5459259.679123122]}"
DFPB0010,Dunbar-Southlands,487239.3099167030,5454786.6161429500,Fountain location, Balaclava Park,W of wading pool,Parks,spring to fall,,,Vancouver,"{""type"":""Point"",""coordinates"":[487239.30991670344,5454786.616142958]}"
DFPB0013,Hastings-Sunrise,496330.1914221080,5459753.7079190100,Fountain location, Burrard View Park,N-side of wading pool,Parks,spring to fall,,,Vancouver,"{""type"":""Point"",""coordinates"":[496330.19142210804,5459753.707919015]}"
DFPB0016,Dunbar-Southlands,486050.7274654810,5455230.9668822300,Fountain location, Chaldecott Park,W-side of spray park,Parks,spring to fall,,,Vancouver,"{""type"":""Point"",""coordinates"":[486050.7274654815,5455230.966882233]}"
DFPB0020,Kensington-Cedar Cottage,494681.4250159030,5456011.9723502800,Fountain location, Clark Park,,Parks,,,,Vancouver,"{""type"":""Point"",""coordinates"":[494681.4250159036,5456011.972350286]}"
DFPB0028,Downtown,491777.2572734180,5457912.4432131400,Fountain location, Coopers' Park,,Parks,,,,Vancouver,"{""type"":""Point"",""coordinates"":[491777.2572734183,5457912.443213141]}"
DFPB0029,Downtown,491661.2830027470,5457800.2662693800,Fountain location," Coopers' Park - underneath bridge, near basket","underneath bridge, near basket",Parks,spring to fall,,Coopers Park - drinking fountain - 2005.JPG,Vancouver,"{""type"":""Point"",""coordinates"":[491661.28300274746,5457800.266269387]}"
DFPB0037,Marpole,490324.1996065780,5450310.3182586300,Fountain location, Ebisu Park,near playground,Parks,spring to fall,,Ebisu Park - drinking fountain - 2008.JPG,Vancouver,"{""type"":""Point"",""coordinates"":[490324.19960657856,5450310.318258638]}"
DFPB0044,Renfrew-Collingwood,497819.5988100030,5455798.1634040700,Fountain location, Falaise Park,in front of wading pool,Parks,spring to fall,,,Vancouver,"{""type"":""Point"",""coordinates"":[497819.59881000384,5455798.1634040745]}"
DFPB0049,Killarney,496672.8226560960,5450614.6265145800,Fountain location, Fraserview Golf Course - 6th tee,6th tee,Parks,spring to fall,,,Vancouver,"{""type"":""Point"",""coordinates"":[496672.82265609666,5450614.626514587]}"
DFPB0069,Hastings-Sunrise,497491.9971358300,5458916.7044748300,Fountain location, Hastings Park -Plateau Sport Parks / Empire Fields,East of playgrounds,Parks,,,Hastings Park (Empire Field) - drinking fountain - 2006.JPG,Vancouver,"{""type"":""Point"",""coordinates"":[497491.9971358303,5458916.704474839]}"
DFPB0103,Sunset,493672.8859624590,5453188.6836311100,Fountain location, Memorial South Park - West of wading pool,W-side of wading pool,Parks,year-round,,,Vancouver,"{""type"":""Point"",""coordinates"":[493672.88596245943,5453188.683631114]}"
DFPB0119,Strathcona,493160.5962646020,5458921.3801840800,Fountain location, Oppenheimer Park,,Parks,,,,Vancouver,"{""type"":""Point"",""coordinates"":[493160.5962646024,5458921.380184086]}"
DFPB0160,Stanley Park,489218.2593734220,5462001.1172807100,Fountain location, Stanley Park - Lawn Bowling Club,Lawn Bowling,Parks,spring to fall,,,Vancouver,"{""type"":""Point"",""coordinates"":[489218.25937342236,5462001.117280712]}"
DFPB0154,Stanley Park,491182.2391486900,5460772.6558105300,Fountain location, Stanley Park - Legends Of The Moon Washroom,Legends Of The Moon - Washroom,Parks,,,,Vancouver,"{""type"":""Point"",""coordinates"":[491182.23914869083,5460772.655810538]}"
DFPB0177,Grandview-Woodland,495144.5673192030,5457664.3464110000,Fountain location, Victoria Park,adjacent to children's play area,Parks,spring to fall,,Victoria Park - drinking fountain - 2007.JPG,Vancouver,"{""type"":""Point"",""coordinates"":[495144.56731920317,5457664.346411001]}"
DFPB0180,West End,490689.1597328120,5459179.4846265600,Fountain location, West End minipark,Bute & Haro,Parks,spring to fall,,West End Minipark @ Bute & Haro - drinking fountain - 2005.JPG,Vancouver,"{""type"":""Point"",""coordinates"":[490689.15973281284,5459179.484626565]}"
DFPB0185,Grandview-Woodland,494660.7041695120,5458423.9986505000,Fountain location, Woodland Park,in front of wading pool,Parks,spring to fall,,,Vancouver,"{""type"":""Point"",""coordinates"":[494660.7041695127,5458423.998650504]}"
DFENG0801,Downtown,492579.4679658510,5458954.7935291800,Temporary Misting Station location, Columbia & Powell,NE corner of Columbia St & Powell St,Engineering,May-October,N,,Vancouver,"{""type"":""Point"",""coordinates"":[492579.4679658515,5458954.79352918]}"
DFENG0809,Mount Pleasant,492665.0241293080,5456194.8668476500,Temporary Misting Station location, Main St & 14th Ave,Main st & 14th Ave,Engineering,May-October,N,,Vancouver,"{""type"":""Point"",""coordinates"":[492665.0241293088,5456194.8668476585]}"
DFENG0805,Strathcona,492809.1399043040,5457898.3656214000,Temporary Misting Station location, Thornton Park,East side of Thornton Park across from Pacific Central,Engineering,May-October,N,,Vancouver,"{""type"":""Point"",""coordinates"":[492809.13990430435,5457898.365621407]}"
DFENG0004,Oakridge,492250.8001526390,5451863.0257305900,Fountain location, 56th & Ontario,Northwest corner of 56th & Ontario,Engineering,May-October,Y,56th_ontario.jpg,Vancouver,"{""type"":""Point"",""coordinates"":[492250.8001526397,5451863.025730592]}"
DFENG0025,West End,490072.3209876640,5459340.8887396900,Fountain location, Comox & Cardero,Northeast corner of Comox & Cardero,Engineering,Year Round,N,comox_cardero.jpg,Vancouver,"{""type"":""Point"",""coordinates"":[490072.3209876642,5459340.888739698]}"
DFENG0027,West End,489841.9229116730,5459568.9103744600,Fountain location, Comox & Denman,Northwest corner of Comox & Denman,Engineering,Year Round,N,comox_denman.jpg,Vancouver,"{""type"":""Point"",""coordinates"":[489841.92291167396,5459568.910374468]}"
DFENG0023,Mount Pleasant,492667.0076873680,5456482.0619550000,Fountain location, Main & 11th,Southeast corner of Main & 11th,Engineering,Year Round,N,main_11th.jpg,Vancouver,"{""type"":""Point"",""coordinates"":[492667.0076873681,5456482.061955005]}"
DFENG0007,West End,490303.3198465970,5459226.1736210500,Fountain location, Nelson & Broughton,In mini park at Nelson & Broughton,Engineering,May-October,N,neslon_broughton.jpg,Vancouver,"{""type"":""Point"",""coordinates"":[490303.31984659756,5459226.173621051]}"
DFENG0051,Fairview,491112.2306315150,5456631.9438762300,Fountain location, 10th & Willow,Northwest corner of 10th & Willow,Engineering,Year Round,N,10th_willow.jpg,Vancouver,"{""type"":""Point"",""coordinates"":[491112.2306315154,5456631.943876234]}"
DFENG0049,Mount Pleasant,492990.3474952680,5456479.0391232900,Fountain location, 11th & Prince Edward,Northeast corner of 11th & Prince Edward,Engineering,May-October,Y,11th_prince_edward.jpg,Vancouver,"{""type"":""Point"",""coordinates"":[492990.347495268,5456479.039123293]}"
DFENG0048,Marpole,491754.1119087020,5451585.6000672900,Fountain location, 375 W 59th Avenue,Northeast corner of Alberta St and W 59th Ave,Engineering,Year Round,N,375_w_59th.jpg,Vancouver,"{""type"":""Point"",""coordinates"":[491754.111908702,5451585.600067298]}"
DFENG0711,Strathcona,493498.9029971580,5458727.1743711900,Temporary Fountain location, E Hastings & Heatley,NE corner of E Hastings St and Heatley Ave,Engineering,May-October,N,,Vancouver,"{""type"":""Point"",""coordinates"":[493498.90299715864,5458727.174371198]}"
DFENG0710,Renfrew-Collingwood,497521.2243507660,5453395.2769865000,Temporary Fountain location, Wessex & Kingsway,3357 Kingsway,Engineering,May-October,N,,Vancouver,"{""type"":""Point"",""coordinates"":[497521.22435076686,5453395.276986501]}"
DFENG0601,Strathcona,493360.0135666190,5458747.5734457500,Temporary Handwashing Station location, Union Gospel Mission,601 E Hastings St,Engineering,May-October,N,,Vancouver,"{""type"":""Point"",""coordinates"":[493360.01356661925,5458747.573445756]}"
DFPB0001,Renfrew-Collingwood,498017.0936935950,5453586.3153953400,Fountain location, Aberdeen Park,plaza,Parks,spring to fall,,Aberdeen Park - drinking fountain - 2005.JPG,Vancouver,"{""type"":""Point"",""coordinates"":[498017.0936935959,5453586.315395349]}"
DFPB0003,West End,489645.8605504460,5459221.8172841800,Fountain location, Alexandra Park,west plaza gateway,Parks,spring to fall,,Alexandra Park - drinking fountain - 2003.jpg,Vancouver,"{""type"":""Point"",""coordinates"":[489645.8605504464,5459221.817284187]}"
DFPB0040,Downtown,490961.2380780150,5458216.9259457300,Fountain location, Emery Barnes Park - South west of playground,,Parks,,,,Vancouver,"{""type"":""Point"",""coordinates"":[490961.2380780158,5458216.925945734]}"
DFPB0056,Grandview-Woodland,494918.9217360980,5457901.2440951200,Fountain location, Grandview Park - South of playground,By the Playground,Parks,spring to fall,,,Vancouver,"{""type"":""Point"",""coordinates"":[494918.92173609877,5457901.244095122]}"
DFPB0062,Downtown,491151.8936481080,5459713.5759148000,Fountain location, Harbour Green Park - In front of washrooms,near spray pool,Parks,spring to fall,,,Vancouver,"{""type"":""Point"",""coordinates"":[491151.893648108,5459713.575914806]}"
DFPB0068,Hastings-Sunrise,497508.0520852380,5458868.3063247900,Fountain location, Hastings Park -Plateau Sport Parks / Empire Fields,East of basketball courts,Parks,,,Hastings Park (Empire Field) - drinking fountain - 2006.JPG,Vancouver,"{""type"":""Point"",""coordinates"":[497508.05208523833,5458868.306324796]}"
DFPB0071,Riley Park,492214.5693161250,5454771.0158864000,Fountain location, Hillcrest Park - North of playground,,Parks,,,,Vancouver,"{""type"":""Point"",""coordinates"":[492214.5693161253,5454771.015886401]}"
DFPB0079,Killarney,496951.7150779140,5452709.8760849400,Fountain location, Killarney Park - East of wading pool,in front of wading pool,Parks,spring to fall,,Killarney Park - drinking fountain 1 - 2005.JPG,Vancouver,"{""type"":""Point"",""coordinates"":[496951.7150779141,5452709.876084947]}"
DFPB0100,Kerrisdale,487567.9925148430,5452008.6460492900,Fountain location, McCleery Golf Course - servive yard,servive yard,Parks,spring to fall,,,Vancouver,"{""type"":""Point"",""coordinates"":[487567.99251484335,5452008.646049294]}"
DFPB0106,Sunset,493650.6183597150,5451409.7100121400,Fountain location, Moberly Park - Arts & Cultural Centre,,Parks,,,,Vancouver,"{""type"":""Point"",""coordinates"":[493650.6183597154,5451409.710012143]}"
DFPB0110,Victoria-Fraserview,495856.9037619050,5452845.9976408700,Fountain location, Nanaimo Park,in front of wading pool,Parks,spring to fall,,Nanaimo Park - drinking fountain - 2005.JPG,Vancouver,"{""type"":""Point"",""coordinates"":[495856.90376190585,5452845.997640873]}"
DFPB0111,West End,490547.9154197610,5458918.2458296100,Fountain location, Nelson Park,middle of park,Parks,spring to fall,,Nelson Park - drinking fountain - 2006.JPG,Vancouver,"{""type"":""Point"",""coordinates"":[490547.91541976196,5458918.245829614]}"
DFPB0115,Renfrew-Collingwood,496301.1908971210,5453945.8410105100,Fountain location, Norquay Park,front of wading pool,Parks,spring to fall,,,Vancouver,"{""type"":""Point"",""coordinates"":[496301.19089712104,5453945.841010516]}"
DFPB0118,Marpole,490724.1541293410,5451552.4218561100,Fountain location, Oak Park - East of spray park,In spray park,Parks,spring to fall,,Oak Park - drinking fountain 1 - 2007.JPG,Vancouver,"{""type"":""Point"",""coordinates"":[490724.15412934107,5451552.421856119]}"
DFPB0120,Grandview-Woodland,495826.0826256470,5458853.3666993900,Fountain location, Pandora Park,N-side of wading pool,Parks,spring to fall,,,Vancouver,"{""type"":""Point"",""coordinates"":[495826.0826256473,5458853.366699397]}"
DFPB0122,Downtown,492400.5470071760,5458784.7342071100,Fountain location, Pioneer Place (Pigeon Park),,Parks,,,,Vancouver,"{""type"":""Point"",""coordinates"":[492400.5470071768,5458784.734207114]}"
DFPB0131,Sunset,493983.2690460700,5451588.1457840700,Fountain location, Ross Park,near shelter,Parks,spring to fall,,,Vancouver,"{""type"":""Point"",""coordinates"":[493983.2690460702,5451588.145784076]}"
DFPB0134,Hastings-Sunrise,497772.6139727300,5457824.7494923100,Fountain location, Rupert Park - South of golf entrance booth,S-side of golf entrance booth,Parks,spring to fall,,Rupert Park - drinking fountain 2 - 2007.JPG,Vancouver,"{""type"":""Point"",""coordinates"":[497772.61397273035,5457824.749492317]}"
DFPB0161,Stanley Park,489218.2593734220,5462001.1172807100,Fountain location, Stanley Park - Dog Off-leash area,Beside Dog off-leash area,Parks,spring to fall,,,Vancouver,"{""type"":""Point"",""coordinates"":[489218.25937342236,5462001.117280712]}"
DFPB0156,Stanley Park,489228.7094401830,5462009.0706910800,Fountain location, Stanley Park - Prospect Point Picnic Site,Prospect Point picnic area,Parks,spring to fall,,,Vancouver,"{""type"":""Point"",""coordinates"":[489228.70944018324,5462009.070691083]}"
DFPB0168,Fairview,490250.6621607080,5457393.8015296700,Fountain location, Sutcliffe Park,S-side of false creek communit,Parks,spring to fall,,,Vancouver,"{""type"":""Point"",""coordinates"":[490250.66216070805,5457393.801529675]}"
DFPB0170,Victoria-Fraserview,494890.8066098240,5452994.7450648500,Fountain location, Tecumseh Park,middle of park,Parks,spring to fall,,,Vancouver,"{""type"":""Point"",""coordinates"":[494890.80660982494,5452994.745064851]}"
DFPB0173,Strathcona,493227.5078491710,5458038.5049156100,Fountain location, Trillium Park,on west side of building,Parks,spring to fall,,,Vancouver,"{""type"":""Point"",""coordinates"":[493227.5078491717,5458038.504915615]}"
DFPB0183,West Point Grey,485067.8202104810,5457060.7891600700,Fountain location, West Point Grey Park - North of wading pool,N-side of wading pool,Parks,spring to fall,,,Vancouver,"{""type"":""Point"",""coordinates"":[485067.82021048124,5457060.7891600765]}"
DFENG0504,Kitsilano,488886.6054054110,5457895.2437467300,Bottle Filling Station location, Kitsilano Pumping Station,North side of sewage pumping station on w/s/ 1300 Arbutus,Engineering,Year Round,N,KitsilanoPumpingStation.jpg,Vancouver,"{""type"":""Point"",""coordinates"":[488886.6054054116,5457895.243746735]}"
DFENG0003,Kitsilano,488890.7999869440,5457285.3039440900,Fountain location, 4th & Arbutus,Northeast corner of 4th & Arbutus,Engineering,May-October,N,4th_arbutus.jpg,Vancouver,"{""type"":""Point"",""coordinates"":[488890.79998694453,5457285.30394409]}"
DFENG0024,West End,490600.5949216630,5458507.1941471100,Fountain location, Burrard & Davie,Northwest corner of Burrard & Davie,Engineering,Year Round,N,davie_burrard.jpg,Vancouver,"{""type"":""Point"",""coordinates"":[490600.5949216639,5458507.194147118]}"
DFENG0034,Hastings-Sunrise,496039.9873943660,5458695.1855105100,Fountain location, Hastings & Kamloops,Northeast corner of Hastings & Kamloops,Engineering,May-October,N,hastings_kamloops.jpg,Vancouver,"{""type"":""Point"",""coordinates"":[496039.987394366,5458695.185510519]}"
DFENG0008,West End,489781.1163580470,5458857.4501228800,Fountain location, Nicola & Beach,Northeast corner of Nicola & Beach,Engineering,May-October,N,nicola_beach.jpg,Vancouver,"{""type"":""Point"",""coordinates"":[489781.11635804776,5458857.450122884]}"
DFENG0042,Marpole,491651.5858412070,5451159.9747170900,Fountain location, W 63rd Avenue & Yukon Street,Southeast corner of W 63rd Avenue & Yukon Street,Engineering,Year Round,N,yukon_63rd.jpg,Vancouver,"{""type"":""Point"",""coordinates"":[491651.5858412076,5451159.974717094]}"
DFENG0038,Downtown,491016.6377908980,5458553.6856889800,Fountain location, Nelson & Howe,Southeast corner of Nelson & Howe,Engineering,Year Round,N,nelson_howe.jpg,Vancouver,"{""type"":""Point"",""coordinates"":[491016.6377908984,5458553.685688989]}"
DFENG0703,Downtown,492733.8103375120,5458746.6978099400,Temporary Fountain location, Main & E Hastings,NW corner of E Hastings St and Main St,Engineering,May-October,N,,Vancouver,"{""type"":""Point"",""coordinates"":[492733.8103375126,5458746.697809943]}"
DFENG0706,Strathcona,492883.5331401370,5458950.1670293900,Temporary Fountain location, Powell & Gore,SW corner of Powell St and Gore Ave,Engineering,May-October,N,,Vancouver,"{""type"":""Point"",""coordinates"":[492883.53314013797,5458950.167029394]}"
DFPB0004,Kitsilano,486558.0934703830,5456496.5221268500,Fountain location, Almond Park,S-side of playground,Parks,spring to fall,,,Vancouver,"{""type"":""Point"",""coordinates"":[486558.0934703837,5456496.522126856]}"
DFPB0008,Arbutus-Ridge,488502.8706960250,5455124.5773932700,Fountain location, Arbutus Village Park,S-side of playground,Parks,spring to fall,,,Vancouver,"{""type"":""Point"",""coordinates"":[488502.8706960251,5455124.577393277]}"
DFPB0053,Sunset,493183.9777790860,5451085.4674072000,Fountain location, George Park,southeast corner of park,Parks,spring to fall,,George Park - drinking fountain - 2005.JPG,Vancouver,"{""type"":""Point"",""coordinates"":[493183.9777790863,5451085.467407206]}"
DFPB0055,Grandview-Woodland,494850.2848136550,5457882.4061450400,Fountain location, Grandview Park - West of Stage,Close to the Stage,Parks,spring to fall,,,Vancouver,"{""type"":""Point"",""coordinates"":[494850.2848136553,5457882.406145044]}"
DFPB0058,Kensington-Cedar Cottage,493814.4811562790,5454259.7986669800,Fountain location, Grays Park,front of wading pool,Parks,spring to fall,,,Vancouver,"{""type"":""Point"",""coordinates"":[493814.48115627945,5454259.79866698]}"
DFPB0085,Marpole,491865.2751193080,5451726.5146767000,Fountain location, Langara Golf Course - servive yard,servive yard,Parks,spring to fall,,,Vancouver,"{""type"":""Point"",""coordinates"":[491865.2751193082,5451726.514676707]}"
DFPB0097,Kerrisdale,487556.6315231570,5451980.3165515500,Fountain location, McCleery Golf Course - 5th tee,5th tee,Parks,spring to fall,,,Vancouver,"{""type"":""Point"",""coordinates"":[487556.6315231571,5451980.316551553]}"
DFPB0101,Renfrew-Collingwood,497882.2620858720,5453750.5667103100,Fountain location, Melbourne Park,front of tennis courts,Parks,spring to fall,,Melbourne Park - drinking fountain - 2005.JPG,Vancouver,"{""type"":""Point"",""coordinates"":[497882.2620858727,5453750.566710314]}"
DFPB0190,Mount Pleasant,492040.9361196250,5457737.2707522600,Fountain location, Park Site On South East False Creek,NE side of the park,Parks,,,,Vancouver,"{""type"":""Point"",""coordinates"":[492040.9361196253,5457737.270752268]}"
DFPB0126,Arbutus-Ridge,489168.8465148270,5454671.9769736800,Fountain location, Quilchena Park,W-side of fieldhouse,Parks,spring to fall,,,Vancouver,"{""type"":""Point"",""coordinates"":[489168.846514827,5454671.976973687]}"
DFPB0127,Renfrew-Collingwood,496938.4157789110,5455494.8592547000,Fountain location, Renfrew Community Park,adjacent to wading pool,Parks,spring to fall,,Renfrew Park - drinking fountain - 2007.JPG,Vancouver,"{""type"":""Point"",""coordinates"":[496938.415778911,5455494.859254709]}"
DFPB0135,Hastings-Sunrise,497594.8096658380,5457607.9260036900,Fountain location, Rupert Park,E-side of playground,Parks,spring to fall,,,Vancouver,"{""type"":""Point"",""coordinates"":[497594.80966583826,5457607.92600369]}"
DFPB0139,Renfrew-Collingwood,496480.3350437750,5454626.2092466300,Fountain location, Slocan Park,near playground,Parks,spring to fall,,,Vancouver,"{""type"":""Point"",""coordinates"":[496480.33504377573,5454626.209246634]}"
DFPB0140,West Point Grey,483825.0304883070,5458338.6862537000,Fountain location, Spanish Banks Beach Park,on north wall of washrooms,Parks,spring to fall,,,Vancouver,"{""type"":""Point"",""coordinates"":[483825.03048830735,5458338.686253703]}"
DFPB0142,Stanley Park,490499.8671422710,5461159.8097144900,Fountain location, Stanley Park - Lumbermen's Arch,Lumbermen's Arch,Parks,year-round,,,Vancouver,"{""type"":""Point"",""coordinates"":[490499.86714227183,5461159.809714498]}"
DFPB0186,Stanley Park,490247.2214671690,5460718.2258179000,Fountain location, Stanley Park - North east of Rose and Perennial Ga,,Parks,,,,Vancouver,"{""type"":""Point"",""coordinates"":[490247.22146716993,5460718.225817901]}"
DFPB0152,Stanley Park,489017.9861996650,5460325.1214688400,Fountain location, Stanley Park - Second Beach Pool,Second Beach pool deck,Parks,spring to fall,,,Vancouver,"{""type"":""Point"",""coordinates"":[489017.98619966593,5460325.121468847]}"
DFPB0144,Stanley Park,489218.2593734220,5462001.1172807100,Fountain location, Stanley Park - South west of playground,Rose Garden playground,Parks,,,,Vancouver,"{""type"":""Point"",""coordinates"":[489218.25937342236,5462001.117280712]}"
DFPB0150,Stanley Park,491226.4857365040,5460708.5021959000,Fountain location, Stanley Park - West of Shore to Shore sculpture,Totem poles,Parks,,,,Vancouver,"{""type"":""Point"",""coordinates"":[491226.4857365044,5460708.502195905]}"
DFPB0066,West End,489962.4562384780,5458481.0378894100,Fountain location, Sunset Beach,on building wall,Parks,spring to fall,,English Bay Park - drinking fountain - 2005.jpg,Vancouver,"{""type"":""Point"",""coordinates"":[489962.4562384787,5458481.037889417]}"
DFPB0182,West Point Grey,485075.4043850100,5457153.3321030900,Fountain location, West Point Grey Park - lawn bowling court,In lawn bowling court,Parks,spring to fall,,,Vancouver,"{""type"":""Point"",""coordinates"":[485075.4043850109,5457153.332103099]}"
DFPB0184,Marpole,491767.4687009830,5451467.8308245100,Fountain location, Winona Park,near playground,Parks,spring to fall,,,Vancouver,"{""type"":""Point"",""coordinates"":[491767.46870098304,5451467.830824518]}"
DFENG0806,Downtown,492315.4888423350,5458500.4672476800,Temporary Misting Station location, Andy Livingston Park,NW corner of Andy Livingston Park,Engineering,May-October,N,,Vancouver,"{""type"":""Point"",""coordinates"":[492315.488842335,5458500.467247681]}"
DFENG0802,West End,490365.4082161290,5459641.4853485800,Temporary Misting Station location, Robson & Cardero,SW corner of Robson St & Cardero St,Engineering,May-October,N,,Vancouver,"{""type"":""Point"",""coordinates"":[490365.4082161299,5459641.485348581]}"
DFENG0808,Kerrisdale,488669.5880287750,5453122.4457190300,Temporary Misting Station location, West Blvd & W 45th,SE corner of West Boulevard & W 45th Ave,Engineering,May-October,N,,Vancouver,"{""type"":""Point"",""coordinates"":[488669.588028775,5453122.445719039]}"
DFENG0500,Fairview,490839.5398663360,5457071.9709784800,Bottle Filling Station location,  Charleson Park Pumping Station,North side of sewage pumping station 900 Charleson,Engineering,Year Round,N,CharlesonParkPumpingStation.jpg,Vancouver,"{""type"":""Point"",""coordinates"":[490839.53986633685,5457071.970978483]}"
DFENG0501,Renfrew-Collingwood,496988.9486668850,5456129.4358365700,Bottle Filling Station location, Grandview Hwy Pumping Station,,Engineering,Year Round,N,GrandviewHwyPumpingStation.jpg,Vancouver,"{""type"":""Point"",""coordinates"":[496988.9486668851,5456129.435836574]}"
DFENG0054,Kensington-Cedar Cottage,495451.7574725560,5454467.6083381900,Fountain location, E 30th Ave & Gladstone St,East Side corner Gladstone at E 30th Ave,Engineering,Year Round,N,gladstone_30th.jpg,Vancouver,"{""type"":""Point"",""coordinates"":[495451.7574725566,5454467.608338197]}"
DFENG0001,Riley Park,492647.5648441500,5454781.4708657400,Fountain location, 28th & Main,Northeast corner of 28th & Main,Engineering,May-October,N,28th_main.jpg,Vancouver,"{""type"":""Point"",""coordinates"":[492647.56484415074,5454781.470865741]}"
DFENG0013,Riley Park,492309.5114740140,5453857.4420343000,Fountain location, 37th & Ontario,Northwest corner of 37th & Ontario,Engineering,May-October,N,37th_ontario.jpg,Vancouver,"{""type"":""Point"",""coordinates"":[492309.5114740143,5453857.442034303]}"
DFENG0022,Victoria-Fraserview,495991.6042038080,5451775.6351889900,Fountain location, Ashburn & Elliot,Northwest corner of Ashburn & Elliot,Engineering,May-October,N,ashburn_elliott.jpg,Vancouver,"{""type"":""Point"",""coordinates"":[495991.6042038087,5451775.63518899]}"
DFENG0030,Strathcona,493643.7426772210,5458316.6069221900,Fountain location, Union & Hawks,In mini park at Union & Hawks,Engineering,Year Round,N,union_hawks.jpg,Vancouver,"{""type"":""Point"",""coordinates"":[493643.742677221,5458316.606922198]}"
DFENG0050,Mount Pleasant,492803.3478813620,5456584.6701588900,Fountain location, 10th & Kingsway,Northwest corner of 10th & Kingsway,Engineering,May-October,Y,10th_kingsway.jpg,Vancouver,"{""type"":""Point"",""coordinates"":[492803.3478813623,5456584.67015889]}"
DFENG0047,South Cambie,491482.7574511330,5454027.1926126000,Fountain location, 4963 Cambie St,Northwest corner of Cambie and W 35th,Engineering,Year Round,N,Cambie&W35th.jpg,Vancouver,"{""type"":""Point"",""coordinates"":[491482.7574511333,5454027.192612602]}"
DFENG0037,Oakridge,490681.7656530930,5452959.2561898200,Fountain location, Oak & 46th,Northeast corner of Oak & 46th,Engineering,Year Round,N,oak_46th.jpg,Vancouver,"{""type"":""Point"",""coordinates"":[490681.7656530938,5452959.256189822]}"
DFENG0035,Mount Pleasant,493508.2402719970,5456655.3870587600,Fountian Location, Fraser & Broadway,Northwest corner of Fraser & Broadway,Engineering,Year Round,N,fraser_broadway.jpg,Vancouver,"{""type"":""Point"",""coordinates"":[493508.2402719979,5456655.387058769]}"
DFENG0708,Downtown,491409.8533525370,5458848.8831482200,Temporary Fountain location, London Drugs,733 Granville St,Engineering,May-October,N,,Vancouver,"{""type"":""Point"",""coordinates"":[491409.85335253703,5458848.883148225]}"
DFENG0605,Downtown,492434.5347731270,5458751.7706538300,Temporary Handwashing Station location, 15 E Hastings,15 E Hastings St,Engineering,May-October,N,,Vancouver,"{""type"":""Point"",""coordinates"":[492434.5347731274,5458751.77065383]}"
DFPB0014,Arbutus-Ridge,487448.0091476430,5456043.7247610900,Fountain location, Carnarvon Park,S-side of wading pool,Parks,spring to fall,,,Vancouver,"{""type"":""Point"",""coordinates"":[487448.00914764375,5456043.724761096]}"
DFPB0036,South Cambie,491086.2751119860,5455481.8785020500,Fountain location, Douglas Park (community centre),exterior of building,Parks,spring to fall,,Douglas Park - drinking fountain 2 - 2005.JPG,Vancouver,"{""type"":""Point"",""coordinates"":[491086.2751119863,5455481.878502053]}"
DFPB0039,Downtown,490996.6711084490,5458267.4628337500,Fountain location, Emery Barnes Park - Dog off-leash area,,Parks,,,,Vancouver,"{""type"":""Point"",""coordinates"":[490996.6711084496,5458267.462833754]}"
DFPB0046,Kerrisdale,489123.5666485730,5450504.2160343900,Fountain location, Fraser River Park - park entrance by Angus Dr,near park entrance by Angus Dr,Parks,spring to fall,,Fraser River Park - drinking fountain - 2007.JPG,Vancouver,"{""type"":""Point"",""coordinates"":[489123.5666485731,5450504.216034391]}"
DFPB0063,Hastings-Sunrise,497221.2768309000,5458637.4520938000,Fountain location, Hastings Community Park - South of wading pool,besides wading pool,Parks,spring to fall,,Hastings Community Park - drinking fountain - 2005.JPG,Vancouver,"{""type"":""Point"",""coordinates"":[497221.2768309002,5458637.452093807]}"
DFPB0076,Hastings-Sunrise,496716.0821449740,5456811.7156172000,Fountain location, Kaslo Park,SE corner of tennis courts,Parks,spring to fall,,,Vancouver,"{""type"":""Point"",""coordinates"":[496716.0821449744,5456811.715617204]}"
DFPB0078,Kerrisdale,488556.8894750600,5453418.1869544800,Fountain location, Kerrisdale Centennial Park,2nd N-side entrance,Parks,spring to fall,,,Vancouver,"{""type"":""Point"",""coordinates"":[488556.88947506016,5453418.186954489]}"
DFPB0084,Kitsilano,488963.8521132450,5458243.1500067200,Fountain location, Kitsilano Beach Park - North of parking lot,besides parking lot,Parks,spring to fall,,,Vancouver,"{""type"":""Point"",""coordinates"":[488963.85211324506,5458243.150006728]}"
DFPB0102,Sunset,493829.4364567720,5453208.7509738500,Fountain location, Memorial South Park - West of Softball Diamond,,Parks,,,,Vancouver,"{""type"":""Point"",""coordinates"":[493829.4364567728,5453208.75097385]}"
DFPB0104,Dunbar-Southlands,486368.6470446930,5454537.8966693600,Fountain location, Memorial West Park,S of tennis courts,Parks,spring to fall,,,Vancouver,"{""type"":""Point"",""coordinates"":[486368.6470446935,5454537.896669361]}"
DFPB0109,Mount Pleasant,492255.4936352510,5456028.0799474900,Fountain location, Mount Pleasant Park,S-side of wading pool,Parks,spring to fall,,,Vancouver,"{""type"":""Point"",""coordinates"":[492255.49363525165,5456028.079947493]}"
DFPB0133,Sunset,493997.8902839150,5451573.0104812200,Fountain location, Ross Park,in front of wading pool,Parks,spring to fall,,,Vancouver,"{""type"":""Point"",""coordinates"":[493997.89028391533,5451573.010481226]}"
DFPB0191,Kerrisdale,489697.6323205670,5451889.1906431200,Fountain location, Shannon Mews Park,,Parks,,,,Vancouver,"{""type"":""Point"",""coordinates"":[489697.6323205676,5451889.190643128]}"
DFPB0138,Renfrew-Collingwood,496381.0610051030,5456178.2717929900,Fountain location, Slocan Greenway,12th and slocan,Parks,spring to fall,,,Vancouver,"{""type"":""Point"",""coordinates"":[496381.06100510317,5456178.271792991]}"
DFPB0181,West End,490106.2148896640,5458824.4142083500,Fountain location, West End minipark - JERVIS ST @ BURNABY ST,north end,Parks,spring to fall,,,Vancouver,"{""type"":""Point"",""coordinates"":[490106.2148896649,5458824.4142083535]}"
DFENG0807,West End,490606.4214196090,5458805.5064360700,Temporary Misting Station location, Nelson Park,NW corner of Thurlow St & Comox St,Engineering,May-October,N,,Vancouver,"{""type"":""Point"",""coordinates"":[490606.4214196095,5458805.506436074]}"
DFENG0012,South Cambie,490727.2107592210,5453875.5542038300,Fountain location, 37th & Oak,Southeast corner of 37th & Oak,Engineering,May-October,N,37th_oak.jpg,Vancouver,"{""type"":""Point"",""coordinates"":[490727.2107592213,5453875.554203837]}"
DFENG0018,Riley Park,492918.3298315450,5453828.7439750600,Fountain location, 37th & Prince Edward,Northwest corner of 37th & Prince Edward,Engineering,May-October,Y,37th_prince_edward.jpg,Vancouver,"{""type"":""Point"",""coordinates"":[492918.3298315455,5453828.74397506]}"
DFENG0020,Strathcona,492928.4281110200,5458741.4413596000,Fountain location, Hastings & Gore,Northeast corner of Hastings & Gore,Engineering,Year Round,N,e_hastings_gore.jpg,Vancouver,"{""type"":""Point"",""coordinates"":[492928.4281110203,5458741.4413596075]}"
DFENG0036,Kitsilano,487788.9952929920,5457670.7602256300,Fountain location, Pt.Grey & MacDonald,Northwest corner of Pt. Grey & MacDonald,Engineering,Year Round,N,point_grey_rd_macdonald.jpg,Vancouver,"{""type"":""Point"",""coordinates"":[487788.9952929921,5457670.760225636]}"
DFENG0604,Strathcona,493059.7657530970,5458846.9974936000,Temporary Handwashing Station location, Dunlevy & E Cordova,255 Dunlevy Av,Engineering,May-October,N,,Vancouver,"{""type"":""Point"",""coordinates"":[493059.765753097,5458846.997493606]}"
DFPB0002,Hastings-Sunrise,498245.1735866690,5458134.4175682300,Fountain location, Adanac Park,SW side of Field house,Parks,spring to fall,,,Vancouver,"{""type"":""Point"",""coordinates"":[498245.17358666984,5458134.417568236]}"
DFPB0019,Mount Pleasant,494248.7455432790,5456556.9312019800,Fountain location, China Creek South Park,S-side of skate park,Parks,spring to fall,,,Vancouver,"{""type"":""Point"",""coordinates"":[494248.74554327986,5456556.931201983]}"
DFPB0022,Hastings-Sunrise,496241.2555298090,5457626.5825023200,Fountain location, Clinton Park - North side of ball diamond,N-side of B-ball diamond,Parks,spring to fall,,,Vancouver,"{""type"":""Point"",""coordinates"":[496241.2555298091,5457626.582502323]}"
DFPB0031,Downtown,492508.2192643510,5457961.9749354900,Fountain location, Creekside Park,,Parks,,,,Vancouver,"{""type"":""Point"",""coordinates"":[492508.21926435124,5457961.97493549]}"
DFPB0041,West End,489633.0889210210,5459429.1798287800,Fountain location, English Bay Beach Park - Davie st entrance,Davie st entrance,Parks,spring to fall,,English Bay Park - drinking fountain - 2005.jpg,Vancouver,"{""type"":""Point"",""coordinates"":[489633.088921021,5459429.179828785]}"
DFPB0052,Renfrew-Collingwood,497714.5434883130,5453758.8604482000,Fountain location, Gaston Park,near basketball court,Parks,spring to fall,,Gaston Park - drinking fountain - 2005.JPG,Vancouver,"{""type"":""Point"",""coordinates"":[497714.5434883131,5453758.860448205]}"
DFPB0061,Downtown,491043.9333819090,5459773.5619891200,Fountain location, Harbour Green Park - foot of Jervis Mews,foot of Jervis Mews,Parks,spring to fall,,,Vancouver,"{""type"":""Point"",""coordinates"":[491043.9333819093,5459773.561989128]}"
DFPB0064,Hastings-Sunrise,497046.5026836910,5458636.4313310900,Fountain location, Hastings Community Park - SE of tennis courts,besides path leading to spray,Parks,spring to fall,,Hastings Community Park - drinking fountain - 2005.JPG,Vancouver,"{""type"":""Point"",""coordinates"":[497046.50268369116,5458636.431331097]}"
DFPB0065,Hastings-Sunrise,496876.8506562340,5458945.0302720800,Fountain location, Hastings Park - Italian gardens,near skate park,Parks,spring to fall,,Hastings Park (Empire Field) - drinking fountain - 2006.JPG,Vancouver,"{""type"":""Point"",""coordinates"":[496876.85065623483,5458945.03027208]}"
DFPB0070,Hastings-Sunrise,497508.0520852380,5458868.3063247900,Fountain location, Hastings Park -Plateau Sport Parks / Empire Fields,empire field - soccer fields,Parks,,,Hastings Park (Empire Field) - drinking fountain - 2006.JPG,Vancouver,"{""type"":""Point"",""coordinates"":[497508.05208523833,5458868.306324796]}"
DFPB0074,Kensington-Cedar Cottage,495490.4000528710,5455698.0772374700,Fountain location, John Hendry (Trout Lake) Park,nearby beach,Parks,spring to fall,,,Vancouver,"{""type"":""Point"",""coordinates"":[495490.4000528712,5455698.077237473]}"
DFPB0077,Kensington-Cedar Cottage,494593.3074553560,5453943.3610908100,Fountain location, Kensington Park,between baseball diamond and parking lots,Parks,spring to fall,,,Vancouver,"{""type"":""Point"",""coordinates"":[494593.30745535606,5453943.361090816]}"
DFPB0081,Kensington-Cedar Cottage,494573.2787919760,5454964.7212833100,Fountain location, Kingcrest Park,E-side of washroom,Parks,spring to fall,,Kingcrest Park - drinking fountain - 2005.JPG,Vancouver,"{""type"":""Point"",""coordinates"":[494573.2787919769,5454964.721283314]}"
DFPB0098,Kerrisdale,487777.5628541520,5452044.0019488400,Fountain location, McCleery Golf Course - clubhouse building,clubhouse building,Parks,spring to fall,,,Vancouver,"{""type"":""Point"",""coordinates"":[487777.5628541524,5452044.001948847]}"
DFPB0099,Kerrisdale,487648.9469490650,5452003.7774116900,Fountain location, McCleery Golf Course - driving range,driving range,Parks,spring to fall,,,Vancouver,"{""type"":""Point"",""coordinates"":[487648.9469490659,5452003.777411696]}"
DFPB0108,Grandview-Woodland,494602.4519909820,5457840.3971653000,Fountain location, Mosaic Creek Park,near children's play area,Parks,spring to fall,,,Vancouver,"{""type"":""Point"",""coordinates"":[494602.4519909823,5457840.397165304]}"
DFPB0125,Riley Park,491736.6360817850,5454406.8257781600,Fountain location, Queen Elizabeth Park - At Conservatory,At Conservatory,Parks,spring to fall,,Queen Elizabeth Park (Ontario Greenway) - drinking fountain 2 - 2006.JPG,Vancouver,"{""type"":""Point"",""coordinates"":[491736.6360817854,5454406.825778168]}"
DFPB0130,Mount Pleasant,493313.1993892340,5456129.7507177300,Fountain location, Robson Park,N-side of wading pool,Parks,spring to fall,,,Vancouver,"{""type"":""Point"",""coordinates"":[493313.1993892344,5456129.750717738]}"
DFPB0158,Stanley Park,489218.2593734220,5462001.1172807100,Fountain location, Stanley Park - Brockton Point Viewpoint,Brockton point - lighthouse,Parks,spring to fall,,,Vancouver,"{""type"":""Point"",""coordinates"":[489218.25937342236,5462001.117280712]}"
DFPB0147,Stanley Park,489626.8831523700,5462205.0546406800,Fountain location, Stanley Park - Prospect Point Washrooms,prospect point washrooms,Parks,spring to fall,,,Vancouver,"{""type"":""Point"",""coordinates"":[489626.8831523704,5462205.05464068]}"
DFPB0148,Stanley Park,490220.8577984600,5461000.3868352900,Fountain location, Stanley Park - West side of Stanley Park Train,,Parks,,,,Vancouver,"{""type"":""Point"",""coordinates"":[490220.8577984606,5461000.38683529]}"
DFPB0163,Strathcona,493776.4294541990,5458143.3955549500,Fountain location, Strathcona Park - North west of basketball court,besides basketball court,Parks,spring to fall,,,Vancouver,"{""type"":""Point"",""coordinates"":[493776.42945419985,5458143.395554956]}"
DFPB0171,Oakridge,491390.4422916870,5452861.6155071100,Fountain location, Tisdall Park,near North baseball diamond,Parks,spring to fall,,,Vancouver,"{""type"":""Point"",""coordinates"":[491390.44229168777,5452861.61550711]}"
DFENG0502,Fairview,490093.5348486440,5457431.7784120700,Bottle Filling Station location, Granville Island Pumping Station,North side of sewage pumping station on seawall east of the granville island entrance,Engineering,Year Round,N,GranvilleIslandPumpingStation.jpg,Vancouver,"{""type"":""Point"",""coordinates"":[490093.534848644,5457431.778412076]}"
DFENG0032,Kitsilano,487875.6000308540,5456843.5837823000,Fountain location, Broadway & Stephens,Northwest corner of Broadway & Stephens,Engineering,May-October,N,w_broadway_stephens.jpg,Vancouver,"{""type"":""Point"",""coordinates"":[487875.6000308544,5456843.583782303]}"
DFENG0021,Grandview-Woodland,494951.8597762780,5457231.0034213200,Fountain location, Commercial & 3rd,Northeast corner of Commercial & 3rd,Engineering,May-October,Y,commercial_3rd.jpg,Vancouver,"{""type"":""Point"",""coordinates"":[494951.85977627855,5457231.003421324]}"
DFENG0031,Mount Pleasant,491666.0452099530,5456620.7382288600,Fountain location, Cambie & 10th,Northeast corner of Cambie & 10th,Engineering,Year Round,N,10th_cambie.jpg,Vancouver,"{""type"":""Point"",""coordinates"":[491666.0452099536,5456620.738228863]}"
DFPB0006,Downtown,492467.6194399710,5458371.9782005600,Fountain location, Andy Livingstone Park - South of soccer fields,north side of fieldhouse,Parks,spring to fall,,,Vancouver,"{""type"":""Point"",""coordinates"":[492467.6194399713,5458371.978200565]}"
DFPB0007,Kitsilano,488700.4791603310,5456619.3330879500,Fountain location, Arbutus Greenway Park,S-side of playground,Parks,spring to fall,,Arbutus Greenway Park - drinking fountain - 2005.JPG,Vancouver,"{""type"":""Point"",""coordinates"":[488700.4791603313,5456619.333087951]}"
DFPB0012,Victoria-Fraserview,495915.0428511950,5451427.8452946600,Fountain location, Bobolink Park,in front of wading pool,Parks,spring to fall,,,Vancouver,"{""type"":""Point"",""coordinates"":[495915.04285119503,5451427.845294668]}"
DFPB0132,Kensington-Cedar Cottage,495181.2221928850,5454978.0524485800,Fountain location, Brewers Park,S-side of wading pool,Parks,spring to fall,,,Vancouver,"{""type"":""Point"",""coordinates"":[495181.2221928855,5454978.0524485875]}"
DFPB0026,Kitsilano,488255.6955099110,5456580.1975172500,Fountain location, Connaught Park - North of playground,,Parks,,,,Vancouver,"{""type"":""Point"",""coordinates"":[488255.69550991134,5456580.197517253]}"
DFPB0047,Killarney,496921.5362524690,5450957.5134313300,Fountain location, Fraserview Golf Course - West of kerr st.,West of kerr st.,Parks,spring to fall,,,Vancouver,"{""type"":""Point"",""coordinates"":[496921.53625246923,5450957.513431337]}"
DFPB0050,Killarney,496257.9655456190,5451079.7566386800,Fountain location, Fraserview Golf Course - driving range,driving range,Parks,spring to fall,,,Vancouver,"{""type"":""Point"",""coordinates"":[496257.9655456194,5451079.756638684]}"
DFPB0073,West Point Grey,486053.5305049910,5457712.7246874400,Fountain location, Jericho Beach Park,,Parks,,,,Vancouver,"{""type"":""Point"",""coordinates"":[486053.5305049916,5457712.724687445]}"
DFPB0088,Oakridge,491806.3623498470,5452351.1569162400,Fountain location, Langara Golf Course - clubhouse building,clubhouse building,Parks,spring to fall,,,Vancouver,"{""type"":""Point"",""coordinates"":[491806.36234984745,5452351.156916246]}"
DFPB0090,Sunset,492828.9926526130,5453037.3200072700,Fountain location, MacDonald Park,near NW corner of tennis court,Parks,spring to fall,,,Vancouver,"{""type"":""Point"",""coordinates"":[492828.99265261326,5453037.320007275]}"
DFPB0107,West End,489655.5618185490,5459430.2492691300,Fountain location, Morton Park,,Parks,spring to fall,,,Vancouver,"{""type"":""Point"",""coordinates"":[489655.56181854947,5459430.249269136]}"
DFPB0117,Marpole,490668.2804451740,5451585.5342998600,Fountain location, Oak Park - East of fieldhouse,East side of fieldhouse,Parks,spring to fall,,Oak Park - drinking fountain 3 - 2007.JPG,Vancouver,"{""type"":""Point"",""coordinates"":[490668.28044517484,5451585.534299867]}"
DFPB0129,Killarney,496287.6182939840,5450340.1005105000,Fountain location, Riverfront Park - West of tennis courts,w-side of tennis courts,Parks,spring to fall,,,Vancouver,"{""type"":""Point"",""coordinates"":[496287.61829398444,5450340.100510507]}"
DFPB0141,Stanley Park,489647.2898135620,5462315.6046881300,Fountain location, Stanley Park - Prospect Point Lookout,Prospect Point viewing,Parks,spring to fall,,,Vancouver,"{""type"":""Point"",""coordinates"":[489647.28981356265,5462315.60468813]}"
DFPB0164,Strathcona,493695.4231179990,5458023.1294682300,Fountain location, Strathcona Park - besides baseball diamond,besides baseball diamond,Parks,spring to fall,,,Vancouver,"{""type"":""Point"",""coordinates"":[493695.4231179999,5458023.129468233]}"
DFPB0176,Kitsilano,489834.4669344760,5458060.5932708600,Fountain location, Vanier Park (Burrard Civic Marina),,Parks,year-round,,,Vancouver,"{""type"":""Point"",""coordinates"":[489834.4669344763,5458060.593270867]}"
DFENG0811,Strathcona,493178.4504056790,5458899.2104337800,Temporary Misting Station Location, Oppenheimer Park,NE Corner of Oppenheimer Park,Engineering,May-October,N,,Vancouver,"{""type"":""Point"",""coordinates"":[493178.4504056799,5458899.210433785]}"
DFENG0810,Marpole,490187.1621228500,5450652.3412410400,Temporary Misting Station location, W 70th Ave & Hudson St,W 70th Ave & Hudson St,Engineering,May-October,N,,Vancouver,"{""type"":""Point"",""coordinates"":[490187.16212285066,5450652.341241048]}"
DFENG0503,Downtown,490428.7544553920,5457850.1320395000,Bottle Filling Station location, Granville St Pumping Station,North side of sewage pumping station under Granville Bridge on bike route,Engineering,Year Round,N,GranvilleStPumpingStation.jpg,Vancouver,"{""type"":""Point"",""coordinates"":[490428.7544553923,5457850.132039508]}"
DFENG0505,Strathcona,492806.8465645680,5457813.4119626100,Bottle Filling Station location, Thornton Park Pumping Station,West side of sewage pumping station on w/s/ 1200 Station St,Engineering,Year Round,N,ThorntonParkPumpingStation.jpg,Vancouver,"{""type"":""Point"",""coordinates"":[492806.8465645685,5457813.411962618]}"
DFENG0002,Kensington-Cedar Cottage,495711.3147885070,5453554.2501725600,Fountain location, 39th & Nanaimo,Southwest corner of 39th & Nanaimo,Engineering,May-October,N,39th_nanaimo.jpg,Vancouver,"{""type"":""Point"",""coordinates"":[495711.3147885073,5453554.250172566]}"
DFENG0028,West End,489726.0298828850,5459679.3331107000,Fountain location, Gilford & Comox,Northwest corner of Gilford & Comox,Engineering,May-October,N,gilford_comox.jpg,Vancouver,"{""type"":""Point"",""coordinates"":[489726.0298828853,5459679.333110703]}"
DFENG0006,West End,489803.3600578530,5459759.4135831600,Fountain location, Gilford & Nelson,Northwest corner of Gilford & Nelson,Engineering,May-October,N,gilford_nelson.jpg,Vancouver,"{""type"":""Point"",""coordinates"":[489803.3600578535,5459759.413583169]}"
DFENG0053,West End,489958.7446792370,5459906.5783374600,Fountain location, Gilford St & Haro St,Gilford mini park,Engineering,Year Round,Y,,Vancouver,"{""type"":""Point"",""coordinates"":[489958.744679237,5459906.57833746]}"
DFENG0043,Renfrew-Collingwood,498200.6460209640,5453547.3157169400,Fountain location, Ormidale St & Vanness Avenue,Southeast corner of Ormidale St & Vanness Avenue,Engineering,Year Round,N,ormidale_vanness.jpg,Vancouver,"{""type"":""Point"",""coordinates"":[498200.64602096425,5453547.315716941]}"
DFENG0705,Grandview-Woodland,494945.4659534810,5456632.5341985500,Temporary Fountain location, Commercial & E Broadway,NE corner of Commercial Drive & East Broadway,Engineering,May-October,N,,Vancouver,"{""type"":""Point"",""coordinates"":[494945.4659534811,5456632.534198552]}"
DFENG0707,Strathcona,493203.9553284450,5458939.8673886100,Temporary Fountain location, Powell & Jackson,477 Powell St,Engineering,May-October,N,,Vancouver,"{""type"":""Point"",""coordinates"":[493203.9553284457,5458939.867388612]}"
DFENG0609,Strathcona,492919.1714120990,5458782.3641513900,Temporary Handwashing Station location, 384 Main,384 Main St,Engineering,May-October,N,,Vancouver,"{""type"":""Point"",""coordinates"":[492919.17141209904,5458782.364151397]}"
DFENG0607,Kensington-Cedar Cottage,493781.9724584160,5455771.0439812700,Temporary Handwashing Station location, ICBC 999 Kingsway,999 Kingsway,Engineering,May-October,N,,Vancouver,"{""type"":""Point"",""coordinates"":[493781.9724584161,5455771.043981275]}"